title,reviews_link
Wonder Woman 1984,https://www.imdb.com/title/tt7126948/reviews?ref_=tt_urv
Trolls World Tour,https://www.imdb.com/title/tt6587640/reviews?ref_=tt_urv
The Croods: A New Age,https://www.imdb.com/title/tt2850386/reviews?ref_=tt_urv
The SpongeBob Movie: Sponge on the Run,https://www.imdb.com/title/tt4823776/reviews?ref_=tt_urv
Mulan,https://www.imdb.com/title/tt4566758/reviews?ref_=tt_urv
Bad Boys For Life,https://www.imdb.com/title/tt1502397/reviews?ref_=tt_urv
A Quiet Place Part II,https://www.imdb.com/title/tt8332922/reviews?ref_=tt_urv
Peter Rabbit 2: The Runaway,https://www.imdb.com/title/tt8376234/reviews?ref_=tt_urv
Birds of Prey: And the Fantabulous Emancipation of One Harley Quinn,https://www.imdb.com/title/tt7713068/reviews?ref_=tt_urv
No Time to Die,https://www.imdb.com/title/tt2382320/reviews?ref_=tt_urv
Dolittle,https://www.imdb.com/title/tt6673612/reviews?ref_=tt_urv
Onward,https://www.imdb.com/title/tt7146812/reviews?ref_=tt_urv
Dune,https://www.imdb.com/title/tt1160419/reviews?ref_=tt_urv
Paddington 3,https://www.imdb.com/title/tt5822536/reviews?ref_=tt_urv
The King's Man,https://www.imdb.com/title/tt6856242/reviews?ref_=tt_urv
The Invisible Man,https://www.imdb.com/title/tt1051906/reviews?ref_=tt_urv
Sonic the Hedgehog,https://www.imdb.com/title/tt3794354/reviews?ref_=tt_urv
Black Widow,https://www.imdb.com/title/tt3480822/reviews?ref_=tt_urv
Free Guy,https://www.imdb.com/title/tt6264654/reviews?ref_=tt_urv
Scoob!,https://www.imdb.com/title/tt3152592/reviews?ref_=tt_urv
Underwater,https://www.imdb.com/title/tt5774060/reviews?ref_=tt_urv
My Spy,https://www.imdb.com/title/tt8242084/reviews?ref_=tt_urv
Tenet,https://www.imdb.com/title/tt6723592/reviews?ref_=tt_urv
The Grudge,https://www.imdb.com/title/tt3612126/reviews?ref_=tt_urv
Fantasy Island,https://www.imdb.com/title/tt0983946/reviews?ref_=tt_urv
Spenser Confidential,https://www.imdb.com/title/tt8629748/reviews?ref_=tt_urv
The Hunt,https://www.imdb.com/title/tt8244784/reviews?ref_=tt_urv
Coffee & Kareem,https://www.imdb.com/title/tt9898858/reviews?ref_=tt_urv
Bloodshot,https://www.imdb.com/title/tt1634106/reviews?ref_=tt_urv
The Way Back,https://www.imdb.com/title/tt8544498/reviews?ref_=tt_urv
The Banker,https://www.imdb.com/title/tt6285944/reviews?ref_=tt_urv
Hooking Up,https://www.imdb.com/title/tt9815998/reviews?ref_=tt_urv
Extraction,https://www.imdb.com/title/tt8936646/reviews?ref_=tt_urv
Dreamkatcher,https://www.imdb.com/title/tt10553210/reviews?ref_=tt_urv
The New Mutants,https://www.imdb.com/title/tt4682266/reviews?ref_=tt_urv
LEGO DC: Shazam - Magic & Monsters,https://www.imdb.com/title/tt12093878/reviews?ref_=tt_urv
Soul,https://www.imdb.com/title/tt2948372/reviews?ref_=tt_urv
The Old Guard,https://www.imdb.com/title/tt7556122/reviews?ref_=tt_urv
Avengers: Endgame,https://www.imdb.com/title/tt4154796/reviews?ref_=tt_urv
Star Wars: Episode IX - The Rise of Skywalker,https://www.imdb.com/title/tt2527338/reviews?ref_=tt_urv
Captain Marvel,https://www.imdb.com/title/tt4154664/reviews?ref_=tt_urv
Shazam!,https://www.imdb.com/title/tt0448115/reviews?ref_=tt_urv
Dumbo,https://www.imdb.com/title/tt3861390/reviews?ref_=tt_urv
Godzilla: King of the Monsters,https://www.imdb.com/title/tt3741700/reviews?ref_=tt_urv
The Lego Movie 2: The Second Part,https://www.imdb.com/title/tt3513498/reviews?ref_=tt_urv
Spider-Man: Far from Home,https://www.imdb.com/title/tt6320628/reviews?ref_=tt_urv
How to Train Your Dragon: The Hidden World,https://www.imdb.com/title/tt2386490/reviews?ref_=tt_urv
Toy Story 4,https://www.imdb.com/title/tt1979376/reviews?ref_=tt_urv
The Secret Life of Pets 2,https://www.imdb.com/title/tt5113040/reviews?ref_=tt_urv
Frozen II,https://www.imdb.com/title/tt4520988/reviews?ref_=tt_urv
The Angry Birds Movie 2,https://www.imdb.com/title/tt6095472/reviews?ref_=tt_urv
Terminator: Dark Fate,https://www.imdb.com/title/tt6450804/reviews?ref_=tt_urv
John Wick: Chapter 3 - Parabellum,https://www.imdb.com/title/tt6146586/reviews?ref_=tt_urv
It Chapter Two,https://www.imdb.com/title/tt7349950/reviews?ref_=tt_urv
Men in Black: International,https://www.imdb.com/title/tt2283336/reviews?ref_=tt_urv
Long Shot,https://www.imdb.com/title/tt2139881/reviews?ref_=tt_urv
47 Meters Down: Uncaged,https://www.imdb.com/title/tt7329656/reviews?ref_=tt_urv
Once Upon a Time... in Hollywood,https://www.imdb.com/title/tt7131622/reviews?ref_=tt_urv
Aladdin,https://www.imdb.com/title/tt6139732/reviews?ref_=tt_urv
Pokémon Detective Pikachu,https://www.imdb.com/title/tt5884052/reviews?ref_=tt_urv
Hellboy,https://www.imdb.com/title/tt2274648/reviews?ref_=tt_urv
The Lion King,https://www.imdb.com/title/tt6105098/reviews?ref_=tt_urv
X-Men: Dark Phoenix,https://www.imdb.com/title/tt6565702/reviews?ref_=tt_urv
Jumanji: The Next Level,https://www.imdb.com/title/tt7975244/reviews?ref_=tt_urv
Glass,https://www.imdb.com/title/tt6823368/reviews?ref_=tt_urv
Fighting with My Family,https://www.imdb.com/title/tt6513120/reviews?ref_=tt_urv
Rambo: Last Blood,https://www.imdb.com/title/tt1206885/reviews?ref_=tt_urv
What Men Want,https://www.imdb.com/title/tt7634968/reviews?ref_=tt_urv
Zombieland: Double Tap,https://www.imdb.com/title/tt1560220/reviews?ref_=tt_urv
Charlie's Angels,https://www.imdb.com/title/tt5033998/reviews?ref_=tt_urv
Fast & Furious Presents: Hobbs & Shaw,https://www.imdb.com/title/tt6806448/reviews?ref_=tt_urv
Happy Death Day 2U,https://www.imdb.com/title/tt8155288/reviews?ref_=tt_urv
Joker,https://www.imdb.com/title/tt7286456/reviews?ref_=tt_urv
Alita: Battle Angel,https://www.imdb.com/title/tt0437086/reviews?ref_=tt_urv
Ad Astra,https://www.imdb.com/title/tt2935510/reviews?ref_=tt_urv
The Addams Family,https://www.imdb.com/title/tt1620981/reviews?ref_=tt_urv
Captive State,https://www.imdb.com/title/tt5968394/reviews?ref_=tt_urv
Serenity,https://www.imdb.com/title/tt6476140/reviews?ref_=tt_urv
Knives Out,https://www.imdb.com/title/tt8946378/reviews?ref_=tt_urv
Escape Room,https://www.imdb.com/title/tt5886046/reviews?ref_=tt_urv
Isn't It Romantic,https://www.imdb.com/title/tt2452244/reviews?ref_=tt_urv
Us,https://www.imdb.com/title/tt6857112/reviews?ref_=tt_urv
Velvet Buzzsaw,https://www.imdb.com/title/tt7043012/reviews?ref_=tt_urv
IO,https://www.imdb.com/title/tt3256226/reviews?ref_=tt_urv
Close,https://www.imdb.com/title/tt5316540/reviews?ref_=tt_urv
The Hustle,https://www.imdb.com/title/tt1298644/reviews?ref_=tt_urv
Maleficent: Mistress of Evil,https://www.imdb.com/title/tt4777008/reviews?ref_=tt_urv
Annabelle Comes Home,https://www.imdb.com/title/tt8350360/reviews?ref_=tt_urv
Pet Sematary,https://www.imdb.com/title/tt0837563/reviews?ref_=tt_urv
Triple Frontier,https://www.imdb.com/title/tt1488606/reviews?ref_=tt_urv
Shaft,https://www.imdb.com/title/tt4463894/reviews?ref_=tt_urv
The Hole in the Ground,https://www.imdb.com/title/tt6198946/reviews?ref_=tt_urv
The Kitchen,https://www.imdb.com/title/tt5822564/reviews?ref_=tt_urv
Anna,https://www.imdb.com/title/tt7456310/reviews?ref_=tt_urv
Code 8,https://www.imdb.com/title/tt6259380/reviews?ref_=tt_urv
Murder Mystery,https://www.imdb.com/title/tt1618434/reviews?ref_=tt_urv
Child's Play,https://www.imdb.com/title/tt8663516/reviews?ref_=tt_urv
Crawl,https://www.imdb.com/title/tt8364368/reviews?ref_=tt_urv
Point Blank,https://www.imdb.com/title/tt2499472/reviews?ref_=tt_urv
Polaroid,https://www.imdb.com/title/tt5598292/reviews?ref_=tt_urv
Gemini Man,https://www.imdb.com/title/tt1025100/reviews?ref_=tt_urv
Good Boys,https://www.imdb.com/title/tt7343762/reviews?ref_=tt_urv
Angel Has Fallen,https://www.imdb.com/title/tt6189022/reviews?ref_=tt_urv
Operation Brothers,https://www.imdb.com/title/tt4995776/reviews?ref_=tt_urv
Ma,https://www.imdb.com/title/tt7958736/reviews?ref_=tt_urv
Tolkien,https://www.imdb.com/title/tt3361792/reviews?ref_=tt_urv
Noelle,https://www.imdb.com/title/tt5097410/reviews?ref_=tt_urv
El Camino: A Breaking Bad Movie,https://www.imdb.com/title/tt9243946/reviews?ref_=tt_urv
Cold Pursuit,https://www.imdb.com/title/tt5719748/reviews?ref_=tt_urv
Let It Snow,https://www.imdb.com/title/tt1950235/reviews?ref_=tt_urv
Doctor Sleep,https://www.imdb.com/title/tt5606664/reviews?ref_=tt_urv
Last Christmas,https://www.imdb.com/title/tt8623904/reviews?ref_=tt_urv
Ready or Not,https://www.imdb.com/title/tt7798634/reviews?ref_=tt_urv
Klaus,https://www.imdb.com/title/tt4729430/reviews?ref_=tt_urv
The Irishman,https://www.imdb.com/title/tt1302006/reviews?ref_=tt_urv
Midway,https://www.imdb.com/title/tt6924650/reviews?ref_=tt_urv
Cats,https://www.imdb.com/title/tt5697572/reviews?ref_=tt_urv
Lady and the Tramp,https://www.imdb.com/title/tt8096832/reviews?ref_=tt_urv
6 Underground,https://www.imdb.com/title/tt8106534/reviews?ref_=tt_urv
Kill Chain,https://www.imdb.com/title/tt8535180/reviews?ref_=tt_urv
1917,https://www.imdb.com/title/tt8579674/reviews?ref_=tt_urv
A Shaun the Sheep Movie: Farmageddon,https://www.imdb.com/title/tt6193408/reviews?ref_=tt_urv
The Good Liar,https://www.imdb.com/title/tt5563334/reviews?ref_=tt_urv
Jojo Rabbit,https://www.imdb.com/title/tt2584384/reviews?ref_=tt_urv
Ford v Ferrari,https://www.imdb.com/title/tt1950186/reviews?ref_=tt_urv
Bombshell,https://www.imdb.com/title/tt6394270/reviews?ref_=tt_urv
The Gentlemen,https://www.imdb.com/title/tt8367814/reviews?ref_=tt_urv
Haunt,https://www.imdb.com/title/tt6535880/reviews?ref_=tt_urv
The Platform,https://www.imdb.com/title/tt8228288/reviews?ref_=tt_urv
Pokémon: Mewtwo Strikes Back - Evolution,https://www.imdb.com/title/tt8856470/reviews?ref_=tt_urv
Avengers: Infinity War,https://www.imdb.com/title/tt4154756/reviews?ref_=tt_urv
Aquaman,https://www.imdb.com/title/tt1477834/reviews?ref_=tt_urv
Solo: A Star Wars Story,https://www.imdb.com/title/tt3778644/reviews?ref_=tt_urv
Fantastic Beasts: The Crimes of Grindelwald,https://www.imdb.com/title/tt4123430/reviews?ref_=tt_urv
Black Panther,https://www.imdb.com/title/tt1825683/reviews?ref_=tt_urv
Fifty Shades Freed,https://www.imdb.com/title/tt4477536/reviews?ref_=tt_urv
Spider-Man: Into the Spider-Verse,https://www.imdb.com/title/tt4633694/reviews?ref_=tt_urv
Jurassic World: Fallen Kingdom,https://www.imdb.com/title/tt4881806/reviews?ref_=tt_urv
Ant-Man and the Wasp,https://www.imdb.com/title/tt5095030/reviews?ref_=tt_urv
Hotel Transylvania 3: Summer Vacation,https://www.imdb.com/title/tt5220122/reviews?ref_=tt_urv
Sherlock Gnomes,https://www.imdb.com/title/tt2296777/reviews?ref_=tt_urv
Bumblebee,https://www.imdb.com/title/tt4701182/reviews?ref_=tt_urv
The Grinch,https://www.imdb.com/title/tt2709692/reviews?ref_=tt_urv
Ralph Breaks the Internet,https://www.imdb.com/title/tt5848272/reviews?ref_=tt_urv
Pacific Rim: Uprising,https://www.imdb.com/title/tt2557478/reviews?ref_=tt_urv
Maze Runner: The Death Cure,https://www.imdb.com/title/tt4500922/reviews?ref_=tt_urv
Tomb Raider,https://www.imdb.com/title/tt1365519/reviews?ref_=tt_urv
Deadpool 2,https://www.imdb.com/title/tt5463162/reviews?ref_=tt_urv
Ready Player One,https://www.imdb.com/title/tt1677720/reviews?ref_=tt_urv
The Predator,https://www.imdb.com/title/tt3829266/reviews?ref_=tt_urv
Mary Poppins Returns,https://www.imdb.com/title/tt5028340/reviews?ref_=tt_urv
The Nutcracker and the Four Realms,https://www.imdb.com/title/tt5523010/reviews?ref_=tt_urv
Ocean's 8,https://www.imdb.com/title/tt5164214/reviews?ref_=tt_urv
Incredibles 2,https://www.imdb.com/title/tt3606756/reviews?ref_=tt_urv
Mission: Impossible - Fallout,https://www.imdb.com/title/tt4912910/reviews?ref_=tt_urv
The Equalizer 2,https://www.imdb.com/title/tt3766354/reviews?ref_=tt_urv
Rampage,https://www.imdb.com/title/tt2231461/reviews?ref_=tt_urv
Venom,https://www.imdb.com/title/tt1270797/reviews?ref_=tt_urv
Escape Plan 2: Hades,https://www.imdb.com/title/tt6513656/reviews?ref_=tt_urv
The Nun,https://www.imdb.com/title/tt5814060/reviews?ref_=tt_urv
The First Purge,https://www.imdb.com/title/tt6133466/reviews?ref_=tt_urv
Creed II,https://www.imdb.com/title/tt6343314/reviews?ref_=tt_urv
Insidious: The Last Key,https://www.imdb.com/title/tt5726086/reviews?ref_=tt_urv
Annihilation,https://www.imdb.com/title/tt2798920/reviews?ref_=tt_urv
Sicario: Day of the Soldado,https://www.imdb.com/title/tt5052474/reviews?ref_=tt_urv
Mamma Mia! Here We Go Again,https://www.imdb.com/title/tt6911608/reviews?ref_=tt_urv
A Wrinkle in Time,https://www.imdb.com/title/tt1620680/reviews?ref_=tt_urv
12 Strong,https://www.imdb.com/title/tt1413492/reviews?ref_=tt_urv
Halloween,https://www.imdb.com/title/tt1502407/reviews?ref_=tt_urv
Johnny English Strikes Again,https://www.imdb.com/title/tt6921996/reviews?ref_=tt_urv
Like Father,https://www.imdb.com/title/tt7170950/reviews?ref_=tt_urv
Mortal Engines,https://www.imdb.com/title/tt1571234/reviews?ref_=tt_urv
The Commuter,https://www.imdb.com/title/tt1590193/reviews?ref_=tt_urv
Skyscraper,https://www.imdb.com/title/tt5758778/reviews?ref_=tt_urv
Proud Mary,https://www.imdb.com/title/tt6421110/reviews?ref_=tt_urv
Den of Thieves,https://www.imdb.com/title/tt1259528/reviews?ref_=tt_urv
Winchester,https://www.imdb.com/title/tt1072748/reviews?ref_=tt_urv
Peter Rabbit,https://www.imdb.com/title/tt5117670/reviews?ref_=tt_urv
The 15:17 to Paris,https://www.imdb.com/title/tt6802308/reviews?ref_=tt_urv
Early Man,https://www.imdb.com/title/tt4701724/reviews?ref_=tt_urv
Samson,https://www.imdb.com/title/tt6951892/reviews?ref_=tt_urv
Game Night,https://www.imdb.com/title/tt2704998/reviews?ref_=tt_urv
Red Sparrow,https://www.imdb.com/title/tt2873282/reviews?ref_=tt_urv
Alpha,https://www.imdb.com/title/tt4244998/reviews?ref_=tt_urv
Death Wish,https://www.imdb.com/title/tt1137450/reviews?ref_=tt_urv
The Strangers: Prey at Night,https://www.imdb.com/title/tt1285009/reviews?ref_=tt_urv
The Hurricane Heist,https://www.imdb.com/title/tt5360952/reviews?ref_=tt_urv
7 Days in Entebbe,https://www.imdb.com/title/tt5466186/reviews?ref_=tt_urv
Bohemian Rhapsody,https://www.imdb.com/title/tt1727824/reviews?ref_=tt_urv
The Cloverfield Paradox,https://www.imdb.com/title/tt2548396/reviews?ref_=tt_urv
Acts of Violence,https://www.imdb.com/title/tt6684714/reviews?ref_=tt_urv
A Quiet Place,https://www.imdb.com/title/tt6644200/reviews?ref_=tt_urv
When We First Met,https://www.imdb.com/title/tt5783956/reviews?ref_=tt_urv
Isle of Dogs,https://www.imdb.com/title/tt5104604/reviews?ref_=tt_urv
The Spy Who Dumped Me,https://www.imdb.com/title/tt6663582/reviews?ref_=tt_urv
Life of the Party,https://www.imdb.com/title/tt5619332/reviews?ref_=tt_urv
Terminal,https://www.imdb.com/title/tt4463816/reviews?ref_=tt_urv
Anon,https://www.imdb.com/title/tt5397194/reviews?ref_=tt_urv
Ibiza,https://www.imdb.com/title/tt3685236/reviews?ref_=tt_urv
The Meg,https://www.imdb.com/title/tt4779682/reviews?ref_=tt_urv
Christopher Robin,https://www.imdb.com/title/tt4575576/reviews?ref_=tt_urv
Overboard,https://www.imdb.com/title/tt1563742/reviews?ref_=tt_urv
Father of the Year,https://www.imdb.com/title/tt7256866/reviews?ref_=tt_urv
I Feel Pretty,https://www.imdb.com/title/tt6791096/reviews?ref_=tt_urv
Robin Hood,https://www.imdb.com/title/tt4532826/reviews?ref_=tt_urv
Tag,https://www.imdb.com/title/tt2854926/reviews?ref_=tt_urv
First Man,https://www.imdb.com/title/tt1213641/reviews?ref_=tt_urv
Extinction,https://www.imdb.com/title/tt3201640/reviews?ref_=tt_urv
SuperFly,https://www.imdb.com/title/tt7690670/reviews?ref_=tt_urv
Peppermint,https://www.imdb.com/title/tt6850820/reviews?ref_=tt_urv
Blockers,https://www.imdb.com/title/tt2531344/reviews?ref_=tt_urv
BlacKkKlansman,https://www.imdb.com/title/tt7349662/reviews?ref_=tt_urv
Upgrade,https://www.imdb.com/title/tt6499752/reviews?ref_=tt_urv
Mile 22,https://www.imdb.com/title/tt4560436/reviews?ref_=tt_urv
Slender Man,https://www.imdb.com/title/tt5690360/reviews?ref_=tt_urv
The House with a Clock in Its Walls,https://www.imdb.com/title/tt2119543/reviews?ref_=tt_urv
Smallfoot,https://www.imdb.com/title/tt6182908/reviews?ref_=tt_urv
The Girl in the Spider's Web,https://www.imdb.com/title/tt5177088/reviews?ref_=tt_urv
Night School,https://www.imdb.com/title/tt6781982/reviews?ref_=tt_urv
The Darkest Minds,https://www.imdb.com/title/tt4073790/reviews?ref_=tt_urv
Arizona,https://www.imdb.com/title/tt2140629/reviews?ref_=tt_urv
A Star Is Born,https://www.imdb.com/title/tt1517451/reviews?ref_=tt_urv
Mowgli: Legend of the Jungle,https://www.imdb.com/title/tt2388771/reviews?ref_=tt_urv
Final Score,https://www.imdb.com/title/tt5254610/reviews?ref_=tt_urv
Blindspotting,https://www.imdb.com/title/tt7242142/reviews?ref_=tt_urv
A Simple Favor,https://www.imdb.com/title/tt7040874/reviews?ref_=tt_urv
The Christmas Chronicles,https://www.imdb.com/title/tt2990140/reviews?ref_=tt_urv
Bird Box,https://www.imdb.com/title/tt2737304/reviews?ref_=tt_urv
Summer '03,https://www.imdb.com/title/tt7284204/reviews?ref_=tt_urv
Gosnell: The Trial of America's Biggest Serial Killer,https://www.imdb.com/title/tt3722234/reviews?ref_=tt_urv
Blade Runner 2049,https://www.imdb.com/title/tt1856101/reviews?ref_=tt_urv
Twin Peaks,https://www.imdb.com/title/tt4093826/reviews?ref_=tt_urv
Dunkirk,https://www.imdb.com/title/tt5013056/reviews?ref_=tt_urv
Phantom Thread,https://www.imdb.com/title/tt5776858/reviews?ref_=tt_urv
The Killing of a Sacred Deer,https://www.imdb.com/title/tt5715874/reviews?ref_=tt_urv
A Ghost Story,https://www.imdb.com/title/tt6265828/reviews?ref_=tt_urv
The Shape of Water,https://www.imdb.com/title/tt5580390/reviews?ref_=tt_urv
Get Out,https://www.imdb.com/title/tt5052448/reviews?ref_=tt_urv
"Three Billboards Outside Ebbing, Missouri",https://www.imdb.com/title/tt5027774/reviews?ref_=tt_urv
Call Me by Your Name,https://www.imdb.com/title/tt5726616/reviews?ref_=tt_urv
Wind River,https://www.imdb.com/title/tt5362988/reviews?ref_=tt_urv
Mindhunter,https://www.imdb.com/title/tt5290382/reviews?ref_=tt_urv
The Dawn Wall,https://www.imdb.com/title/tt7286916/reviews?ref_=tt_urv
Star Wars: Episode VIII - The Last Jedi,https://www.imdb.com/title/tt2527336/reviews?ref_=tt_urv
War for the Planet of the Apes,https://www.imdb.com/title/tt3450958/reviews?ref_=tt_urv
Baby Driver,https://www.imdb.com/title/tt3890160/reviews?ref_=tt_urv
Lady Bird,https://www.imdb.com/title/tt4925292/reviews?ref_=tt_urv
Coco,https://www.imdb.com/title/tt2380307/reviews?ref_=tt_urv
The Handmaid's Tale,https://www.imdb.com/title/tt5834204/reviews?ref_=tt_urv
Loveless,https://www.imdb.com/title/tt6304162/reviews?ref_=tt_urv
Good Time,https://www.imdb.com/title/tt4846232/reviews?ref_=tt_urv
Black Mirror,https://www.imdb.com/title/tt2085059/reviews?ref_=tt_urv
It Comes at Night,https://www.imdb.com/title/tt4695012/reviews?ref_=tt_urv
World of Tomorrow Episode Two: The Burden of Other People's Thoughts,https://www.imdb.com/title/tt7278178/reviews?ref_=tt_urv
Mother!,https://www.imdb.com/title/tt5109784/reviews?ref_=tt_urv
Wonder Woman,https://www.imdb.com/title/tt0451279/reviews?ref_=tt_urv
Battle of the Sexes,https://www.imdb.com/title/tt4622512/reviews?ref_=tt_urv
Thelma,https://www.imdb.com/title/tt6304046/reviews?ref_=tt_urv
Jane,https://www.imdb.com/title/tt7207238/reviews?ref_=tt_urv
Hostiles,https://www.imdb.com/title/tt5478478/reviews?ref_=tt_urv
Mudbound,https://www.imdb.com/title/tt2396589/reviews?ref_=tt_urv
Game of Thrones,https://www.imdb.com/title/tt0944947/reviews?ref_=tt_urv
Detroit,https://www.imdb.com/title/tt5390504/reviews?ref_=tt_urv
Logan,https://www.imdb.com/title/tt3315342/reviews?ref_=tt_urv
The Disaster Artist,https://www.imdb.com/title/tt3521126/reviews?ref_=tt_urv
Raw,https://www.imdb.com/title/tt4954522/reviews?ref_=tt_urv
The Big Sick,https://www.imdb.com/title/tt5462602/reviews?ref_=tt_urv
Stronger,https://www.imdb.com/title/tt3881784/reviews?ref_=tt_urv
Lovesong,https://www.imdb.com/title/tt4305148/reviews?ref_=tt_urv
Lady Macbeth,https://www.imdb.com/title/tt4291600/reviews?ref_=tt_urv
The Beguiled,https://www.imdb.com/title/tt5592248/reviews?ref_=tt_urv
Patriots Day,https://www.imdb.com/title/tt4572514/reviews?ref_=tt_urv
Darkest Hour,https://www.imdb.com/title/tt4555426/reviews?ref_=tt_urv
The Square,https://www.imdb.com/title/tt4995790/reviews?ref_=tt_urv
The Hero,https://www.imdb.com/title/tt5655222/reviews?ref_=tt_urv
Personal Shopper,https://www.imdb.com/title/tt4714782/reviews?ref_=tt_urv
Only the Brave,https://www.imdb.com/title/tt3829920/reviews?ref_=tt_urv
"I, Tonya",https://www.imdb.com/title/tt5580036/reviews?ref_=tt_urv
The Post,https://www.imdb.com/title/tt6294822/reviews?ref_=tt_urv
Song to Song,https://www.imdb.com/title/tt2062700/reviews?ref_=tt_urv
The Florida Project,https://www.imdb.com/title/tt5649144/reviews?ref_=tt_urv
Wonder,https://www.imdb.com/title/tt2543472/reviews?ref_=tt_urv
T2 Trainspotting,https://www.imdb.com/title/tt2763304/reviews?ref_=tt_urv
Land of Mine,https://www.imdb.com/title/tt3841424/reviews?ref_=tt_urv
David Lynch: The Art Life,https://www.imdb.com/title/tt1691152/reviews?ref_=tt_urv
The Survivalist,https://www.imdb.com/title/tt2580382/reviews?ref_=tt_urv
John Wick: Chapter 2,https://www.imdb.com/title/tt4425200/reviews?ref_=tt_urv
Life,https://www.imdb.com/title/tt5442430/reviews?ref_=tt_urv
Logan Lucky,https://www.imdb.com/title/tt5439796/reviews?ref_=tt_urv
Okja,https://www.imdb.com/title/tt3967856/reviews?ref_=tt_urv
The Lost City of Z,https://www.imdb.com/title/tt1212428/reviews?ref_=tt_urv
Colossal,https://www.imdb.com/title/tt4680182/reviews?ref_=tt_urv
Una,https://www.imdb.com/title/tt2315582/reviews?ref_=tt_urv
Thor: Ragnarok,https://www.imdb.com/title/tt3501632/reviews?ref_=tt_urv
All the Money in the World,https://www.imdb.com/title/tt5294550/reviews?ref_=tt_urv
American Made,https://www.imdb.com/title/tt3532216/reviews?ref_=tt_urv
An Inconvenient Sequel: Truth to Power,https://www.imdb.com/title/tt6322922/reviews?ref_=tt_urv
It,https://www.imdb.com/title/tt1396484/reviews?ref_=tt_urv
Wonderstruck,https://www.imdb.com/title/tt5208216/reviews?ref_=tt_urv
The Lego Batman Movie,https://www.imdb.com/title/tt4116284/reviews?ref_=tt_urv
Miss Sloane,https://www.imdb.com/title/tt4540710/reviews?ref_=tt_urv
Hounds of Love,https://www.imdb.com/title/tt3896738/reviews?ref_=tt_urv
Brigsby Bear,https://www.imdb.com/title/tt5805752/reviews?ref_=tt_urv
Guardians of the Galaxy Vol. 2,https://www.imdb.com/title/tt3896198/reviews?ref_=tt_urv
A United Kingdom,https://www.imdb.com/title/tt3387266/reviews?ref_=tt_urv
Batman v Superman: Dawn of Justice,https://www.imdb.com/title/tt2975590/reviews?ref_=tt_urv
Captain America: Civil War,https://www.imdb.com/title/tt3498820/reviews?ref_=tt_urv
X-Men: Apocalypse,https://www.imdb.com/title/tt3385516/reviews?ref_=tt_urv
The Jungle Book,https://www.imdb.com/title/tt3040964/reviews?ref_=tt_urv
Assassin's Creed,https://www.imdb.com/title/tt2094766/reviews?ref_=tt_urv
The Huntsman: Winter's War,https://www.imdb.com/title/tt2381991/reviews?ref_=tt_urv
Ride Along 2,https://www.imdb.com/title/tt2869728/reviews?ref_=tt_urv
Alice Through the Looking Glass,https://www.imdb.com/title/tt2567026/reviews?ref_=tt_urv
Finding Dory,https://www.imdb.com/title/tt2277860/reviews?ref_=tt_urv
Angry Birds,https://www.imdb.com/title/tt1985949/reviews?ref_=tt_urv
The Legend of Tarzan,https://www.imdb.com/title/tt0918940/reviews?ref_=tt_urv
Ice Age: Collision Course,https://www.imdb.com/title/tt3416828/reviews?ref_=tt_urv
Star Trek Beyond,https://www.imdb.com/title/tt2660888/reviews?ref_=tt_urv
Fantastic Beasts and Where to Find Them,https://www.imdb.com/title/tt3183660/reviews?ref_=tt_urv
Allegiant,https://www.imdb.com/title/tt3410834/reviews?ref_=tt_urv
Doctor Strange,https://www.imdb.com/title/tt1211837/reviews?ref_=tt_urv
Now You See Me 2,https://www.imdb.com/title/tt3110958/reviews?ref_=tt_urv
Teenage Mutant Ninja Turtles: Out of the Shadows,https://www.imdb.com/title/tt3949660/reviews?ref_=tt_urv
Deadpool,https://www.imdb.com/title/tt1431045/reviews?ref_=tt_urv
The Conjuring 2,https://www.imdb.com/title/tt3065204/reviews?ref_=tt_urv
The BFG,https://www.imdb.com/title/tt3691740/reviews?ref_=tt_urv
"Hail, Caesar!",https://www.imdb.com/title/tt0475290/reviews?ref_=tt_urv
Suicide Squad,https://www.imdb.com/title/tt1386697/reviews?ref_=tt_urv
Kung Fu Panda 3,https://www.imdb.com/title/tt2267968/reviews?ref_=tt_urv
Gods of Egypt,https://www.imdb.com/title/tt2404233/reviews?ref_=tt_urv
Rogue One: A Star Wars Story,https://www.imdb.com/title/tt3748528/reviews?ref_=tt_urv
The Purge: Election Year,https://www.imdb.com/title/tt4094724/reviews?ref_=tt_urv
Inferno,https://www.imdb.com/title/tt3062096/reviews?ref_=tt_urv
The Brothers Grimsby,https://www.imdb.com/title/tt3381008/reviews?ref_=tt_urv
Independence Day: Resurgence,https://www.imdb.com/title/tt1628841/reviews?ref_=tt_urv
Central Intelligence,https://www.imdb.com/title/tt1489889/reviews?ref_=tt_urv
London Has Fallen,https://www.imdb.com/title/tt3300542/reviews?ref_=tt_urv
Passengers,https://www.imdb.com/title/tt1355644/reviews?ref_=tt_urv
Neighbors 2: Sorority Rising,https://www.imdb.com/title/tt4438848/reviews?ref_=tt_urv
Ghostbusters,https://www.imdb.com/title/tt1289401/reviews?ref_=tt_urv
Underworld: Blood Wars,https://www.imdb.com/title/tt3717252/reviews?ref_=tt_urv
Jack Reacher: Never Go Back,https://www.imdb.com/title/tt3393786/reviews?ref_=tt_urv
The 5th Wave,https://www.imdb.com/title/tt2304933/reviews?ref_=tt_urv
The Forest,https://www.imdb.com/title/tt3387542/reviews?ref_=tt_urv
Warcraft,https://www.imdb.com/title/tt0803096/reviews?ref_=tt_urv
Jason Bourne,https://www.imdb.com/title/tt4196776/reviews?ref_=tt_urv
Whiskey Tango Foxtrot,https://www.imdb.com/title/tt3553442/reviews?ref_=tt_urv
How to Be Single,https://www.imdb.com/title/tt1292566/reviews?ref_=tt_urv
Triple 9,https://www.imdb.com/title/tt1712261/reviews?ref_=tt_urv
The Secret Life of Pets,https://www.imdb.com/title/tt2709768/reviews?ref_=tt_urv
Zootopia,https://www.imdb.com/title/tt2948356/reviews?ref_=tt_urv
Pete's Dragon,https://www.imdb.com/title/tt2788732/reviews?ref_=tt_urv
Fifty Shades of Black,https://www.imdb.com/title/tt4667094/reviews?ref_=tt_urv
Dirty Grandpa,https://www.imdb.com/title/tt1860213/reviews?ref_=tt_urv
The Boss,https://www.imdb.com/title/tt2702724/reviews?ref_=tt_urv
Zoolander 2,https://www.imdb.com/title/tt1608290/reviews?ref_=tt_urv
Jane Got a Gun,https://www.imdb.com/title/tt2140037/reviews?ref_=tt_urv
Get a Job,https://www.imdb.com/title/tt1468846/reviews?ref_=tt_urv
The Infiltrator,https://www.imdb.com/title/tt1355631/reviews?ref_=tt_urv
Colossal,https://www.imdb.com/title/tt4680182/reviews?ref_=tt_urv
The Accountant,https://www.imdb.com/title/tt2140479/reviews?ref_=tt_urv
Masterminds,https://www.imdb.com/title/tt2461150/reviews?ref_=tt_urv
Pride and Prejudice and Zombies,https://www.imdb.com/title/tt1374989/reviews?ref_=tt_urv
10 Cloverfield Lane,https://www.imdb.com/title/tt1179933/reviews?ref_=tt_urv
Midnight Special,https://www.imdb.com/title/tt2649554/reviews?ref_=tt_urv
Trolls,https://www.imdb.com/title/tt1679335/reviews?ref_=tt_urv
Sausage Party,https://www.imdb.com/title/tt1700841/reviews?ref_=tt_urv
Miss Peregrine's Home for Peculiar Children,https://www.imdb.com/title/tt1935859/reviews?ref_=tt_urv
The Shallows,https://www.imdb.com/title/tt4052882/reviews?ref_=tt_urv
God's Not Dead 2,https://www.imdb.com/title/tt4824308/reviews?ref_=tt_urv
Natural Born Pranksters,https://www.imdb.com/title/tt3671086/reviews?ref_=tt_urv
War Dogs,https://www.imdb.com/title/tt2005151/reviews?ref_=tt_urv
Deepwater Horizon,https://www.imdb.com/title/tt1860357/reviews?ref_=tt_urv
Barbershop: The Next Cut,https://www.imdb.com/title/tt3628584/reviews?ref_=tt_urv
The Magnificent Seven,https://www.imdb.com/title/tt2404435/reviews?ref_=tt_urv
Keanu,https://www.imdb.com/title/tt4139124/reviews?ref_=tt_urv
The Boy,https://www.imdb.com/title/tt3882082/reviews?ref_=tt_urv
Snowden,https://www.imdb.com/title/tt3774114/reviews?ref_=tt_urv
Swiss Army Man,https://www.imdb.com/title/tt4034354/reviews?ref_=tt_urv
Resident Evil: The Final Chapter,https://www.imdb.com/title/tt2592614/reviews?ref_=tt_urv
The Finest Hours,https://www.imdb.com/title/tt2025690/reviews?ref_=tt_urv
Morgan,https://www.imdb.com/title/tt4520364/reviews?ref_=tt_urv
The Do-Over,https://www.imdb.com/title/tt4769836/reviews?ref_=tt_urv
Moana,https://www.imdb.com/title/tt3521164/reviews?ref_=tt_urv
The Other Side of the Door,https://www.imdb.com/title/tt3702652/reviews?ref_=tt_urv
Kill Command,https://www.imdb.com/title/tt2667380/reviews?ref_=tt_urv
13 Hours,https://www.imdb.com/title/tt4172430/reviews?ref_=tt_urv
The Nice Guys,https://www.imdb.com/title/tt3799694/reviews?ref_=tt_urv
Mike and Dave Need Wedding Dates,https://www.imdb.com/title/tt2823054/reviews?ref_=tt_urv
Everybody Wants Some!!,https://www.imdb.com/title/tt2937696/reviews?ref_=tt_urv
Arrival,https://www.imdb.com/title/tt2543164/reviews?ref_=tt_urv
Bastille Day,https://www.imdb.com/title/tt2368619/reviews?ref_=tt_urv
Cell,https://www.imdb.com/title/tt0775440/reviews?ref_=tt_urv
Mr. Right,https://www.imdb.com/title/tt2091935/reviews?ref_=tt_urv
A Monster Calls,https://www.imdb.com/title/tt3416532/reviews?ref_=tt_urv
Friend Request,https://www.imdb.com/title/tt3352390/reviews?ref_=tt_urv
Live by Night,https://www.imdb.com/title/tt2361317/reviews?ref_=tt_urv
Gold,https://www.imdb.com/title/tt1800302/reviews?ref_=tt_urv
The Neon Demon,https://www.imdb.com/title/tt1974419/reviews?ref_=tt_urv
True Memoirs of an International Assassin,https://www.imdb.com/title/tt1542768/reviews?ref_=tt_urv
The Great Wall,https://www.imdb.com/title/tt2034800/reviews?ref_=tt_urv
What Now?,https://www.imdb.com/title/tt4669186/reviews?ref_=tt_urv
Lights Out,https://www.imdb.com/title/tt4786282/reviews?ref_=tt_urv
Broken Vows,https://www.imdb.com/title/tt3701714/reviews?ref_=tt_urv
Bad Moms,https://www.imdb.com/title/tt4651520/reviews?ref_=tt_urv
